;● 🎯 ΕΠΕΚΤΑΣΗ ΛΙΣΤΑΣ ΔΙΠΛΟΤΥΠΩΝ;;
;;;
;  📋 Η βασική λίστα (current): ;;
;;;
Μελέτησε ΠΟΛΥ ΚΑΛΑ τον κώδικα που υπάρχει ΠΑΝΤΟΥ στο src\subapps\dxf-viewer και βρες αν υπάρχουν διπλότυπα σε:;  - Μέθοδοι/functions;;
Μελέτησε ΠΟΛΥ ΚΑΛΑ τον κώδικα που υπάρχει ΠΑΝΤΟΥ στο src\subapps\dxf-viewer και βρες αν υπάρχουν διπλότυπα σε:;  - Imports/requires;;
Μελέτησε ΠΟΛΥ ΚΑΛΑ τον κώδικα που υπάρχει ΠΑΝΤΟΥ στο src\subapps\dxf-viewer και βρες αν υπάρχουν διπλότυπα σε:;  - Coordinate systems;και γράψε την πλήρη αναφορά σου στο αρχείο;src\md_files\diplotypa\Coordinate systems.md
Μελέτησε ΠΟΛΥ ΚΑΛΑ τον κώδικα που υπάρχει ΠΑΝΤΟΥ στο src\subapps\dxf-viewer και βρες αν υπάρχουν διπλότυπα σε:;  - Renderers;και γράψε την πλήρη αναφορά σου στο αρχείο;src\md_files\diplotypa\Renderers.md
Μελέτησε ΠΟΛΥ ΚΑΛΑ τον κώδικα που υπάρχει ΠΑΝΤΟΥ στο src\subapps\dxf-viewer και βρες αν υπάρχουν διπλότυπα σε:;  - Utility functions;και γράψε την πλήρη αναφορά σου στο αρχείο;src\md_files\diplotypa\Utility_functions.md
Μελέτησε ΠΟΛΥ ΚΑΛΑ τον κώδικα που υπάρχει ΠΑΝΤΟΥ στο src\subapps\dxf-viewer και βρες αν υπάρχουν διπλότυπα σε:;  - Type definitions;και γράψε την πλήρη αναφορά σου στο αρχείο;src\subapps\dxf-viewer\Type_definitions.md
;;;
;  ---;;
;  🔥 ΠΛΗΡΗΣ ΕΠΕΚΤΑΜΕΝΗ ΛΙΣΤΑ:;;
;;;
;  1️⃣ Code Logic (Λογική Κώδικα);;
;;;
;  - ✅ Μέθοδοι/functions;;
;  - ✅ Utility functions;;
Μελέτησε ΠΟΛΥ ΚΑΛΑ τον κώδικα που υπάρχει ΠΑΝΤΟΥ στο src\subapps\dxf-viewer και βρες αν υπάρχουν διπλότυπα σε:;  - Algorithms (π.χ. hit testing, bounds calculation);και γράψε την πλήρη αναφορά σου στο αρχείο;src\md_files\diplotypa\Algorithms.md
Μελέτησε ΠΟΛΥ ΚΑΛΑ τον κώδικα που υπάρχει ΠΑΝΤΟΥ στο src\subapps\dxf-viewer και βρες αν υπάρχουν διπλότυπα σε:;  - Validation logic (π.χ. entity validation, input validation);και γράψε την πλήρη αναφορά σου στο αρχείο;src\md_files\diplotypa\Validation_logic.md
Μελέτησε ΠΟΛΥ ΚΑΛΑ τον κώδικα που υπάρχει ΠΑΝΤΟΥ στο src\subapps\dxf-viewer και βρες αν υπάρχουν διπλότυπα σε:;  - Calculation methods (π.χ. distance, angle, intersection);και γράψε την πλήρη αναφορά σου στο αρχείο;src\md_files\diplotypa\Calculation_methods.md
Μελέτησε ΠΟΛΥ ΚΑΛΑ τον κώδικα που υπάρχει ΠΑΝΤΟΥ στο src\subapps\dxf-viewer και βρες αν υπάρχουν διπλότυπα σε:;  - Transformation logic (π.χ. rotate, scale, translate);και γράψε την πλήρη αναφορά σου στο αρχείο;src\md_files\diplotypa\Transformation_logic.md
Μελέτησε ΠΟΛΥ ΚΑΛΑ τον κώδικα που υπάρχει ΠΑΝΤΟΥ στο src\subapps\dxf-viewer και βρες αν υπάρχουν διπλότυπα σε:;  - Event handlers (π.χ. onClick, onMouseMove, onWheel);και γράψε την πλήρη αναφορά σου στο αρχείο;src\md_files\diplotypa\Event_handlers.md
Μελέτησε ΠΟΛΥ ΚΑΛΑ τον κώδικα που υπάρχει ΠΑΝΤΟΥ στο src\subapps\dxf-viewer και βρες αν υπάρχουν διπλότυπα σε:;  - State management logic (π.χ. setState patterns, reducers);και γράψε την πλήρη αναφορά σου στο αρχείο;src\md_files\diplotypa\State_management_logic.md
;;;
;  2️⃣ Data Structures & Types;;
;;;
;  - ✅ Type definitions;;
Μελέτησε ΠΟΛΥ ΚΑΛΑ τον κώδικα που υπάρχει ΠΑΝΤΟΥ στο src\subapps\dxf-viewer και βρες αν υπάρχουν διπλότυπα σε:;  - Interfaces (π.χ. EntityModel, RenderContext);και γράψε την πλήρη αναφορά σου στο αρχείο;src\md_files\diplotypa\Interfaces.md
Μελέτησε ΠΟΛΥ ΚΑΛΑ τον κώδικα που υπάρχει ΠΑΝΤΟΥ στο src\subapps\dxf-viewer και βρες αν υπάρχουν διπλότυπα σε:;  - Enums (π.χ. EntityType, SnapType);και γράψε την πλήρη αναφορά σου στο αρχείο;src\md_files\diplotypa\Enums.md
Μελέτησε ΠΟΛΥ ΚΑΛΑ τον κώδικα που υπάρχει ΠΑΝΤΟΥ στο src\subapps\dxf-viewer και βρες αν υπάρχουν διπλότυπα σε:;  - Constants (π.χ. DEFAULT_TRANSFORM, UI_COLORS);και γράψε την πλήρη αναφορά σου στο αρχείο;src\md_files\diplotypa\Constants.md
Μελέτησε ΠΟΛΥ ΚΑΛΑ τον κώδικα που υπάρχει ΠΑΝΤΟΥ στο src\subapps\dxf-viewer και βρες αν υπάρχουν διπλότυπα σε:;  - Configuration objects (π.χ. canvasConfig, gridSettings);και γράψε την πλήρη αναφορά σου στο αρχείο;src\md_files\diplotypa\Configuration_objects.md
Μελέτησε ΠΟΛΥ ΚΑΛΑ τον κώδικα που υπάρχει ΠΑΝΤΟΥ στο src\subapps\dxf-viewer και βρες αν υπάρχουν διπλότυπα σε:;  - Default values (π.χ. DEFAULT_RENDER_OPTIONS);και γράψε την πλήρη αναφορά σου στο αρχείο;src\md_files\diplotypa\Default_values.md
;;;
;  3️⃣ Imports & Dependencies;;
;;;
;  - ✅ Imports/requires;;
Μελέτησε ΠΟΛΥ ΚΑΛΑ τον κώδικα που υπάρχει ΠΑΝΤΟΥ στο src\subapps\dxf-viewer και βρες αν υπάρχουν διπλότυπα σε:;  - Re-exports (export { X } from 'Y');και γράψε την πλήρη αναφορά σου στο αρχείο;src\txt_files\diplotypa\Re-exports.md
Μελέτησε ΠΟΛΥ ΚΑΛΑ τον κώδικα που υπάρχει ΠΑΝΤΟΥ στο src\subapps\dxf-viewer και βρες αν υπάρχουν διπλότυπα σε:;  - Dynamic imports (await import(), require());και γράψε την πλήρη αναφορά σου στο αρχείο;src\txt_files\diplotypa\Dynamic_imports.md
Μελέτησε ΠΟΛΥ ΚΑΛΑ τον κώδικα που υπάρχει ΠΑΝΤΟΥ στο src\subapps\dxf-viewer και βρες αν υπάρχουν διπλότυπα σε:;  - Circular dependencies (A imports B, B imports A);και γράψε την πλήρη αναφορά σου στο αρχείο;src\txt_files\diplotypa\Circular_dependencies.md
Μελέτησε ΠΟΛΥ ΚΑΛΑ τον κώδικα που υπάρχει ΠΑΝΤΟΥ στο src\subapps\dxf-viewer και βρες αν υπάρχουν διπλότυπα σε:;  - Unused imports (imported but never used);και γράψε την πλήρη αναφορά σου στο αρχείο;src\txt_files\diplotypa\Unused_imports.md
;;;
;  4️⃣ Rendering Systems;;
;;;
;  - ✅ Renderers;;
;  - ✅ Coordinate systems;;
Μελέτησε ΠΟΛΥ ΚΑΛΑ τον κώδικα που υπάρχει ΠΑΝΤΟΥ στο src\subapps\dxf-viewer και βρες αν υπάρχουν διπλότυπα σε:;  - Render contexts (IRenderContext, UIRenderContext);και γράψε την πλήρη αναφορά σου στο αρχείο;src\txt_files\diplotypa\Render_contexts.md
Μελέτησε ΠΟΛΥ ΚΑΛΑ τον κώδικα που υπάρχει ΠΑΝΤΟΥ στο src\subapps\dxf-viewer και βρες αν υπάρχουν διπλότυπα σε:;  - Draw methods (drawLine, drawCircle, fillRect);και γράψε την πλήρη αναφορά σου στο αρχείο;src\txt_files\diplotypa\Draw_methods.md
Μελέτησε ΠΟΛΥ ΚΑΛΑ τον κώδικα που υπάρχει ΠΑΝΤΟΥ στο src\subapps\dxf-viewer και βρες αν υπάρχουν διπλότυπα σε:;  - Canvas operations (clearRect, save/restore);και γράψε την πλήρη αναφορά σου στο αρχείο;src\txt_files\diplotypa\Canvas_operations.md
Μελέτησε ΠΟΛΥ ΚΑΛΑ τον κώδικα που υπάρχει ΠΑΝΤΟΥ στο src\subapps\dxf-viewer και βρες αν υπάρχουν διπλότυπα σε:;  - Color/Style definitions (strokeStyle, fillStyle patterns);και γράψε την πλήρη αναφορά σου στο αρχείο;src\txt_files\diplotypa\Color&Style_definitions.md
Μελέτησε ΠΟΛΥ ΚΑΛΑ τον κώδικα που υπάρχει ΠΑΝΤΟΥ στο src\subapps\dxf-viewer και βρες αν υπάρχουν διπλότυπα σε:;  - Transform operations (translate, scale, rotate on canvas);και γράψε την πλήρη αναφορά σου στο αρχείο;src\txt_files\diplotypa\Transform_operations.md
;;;
;  5️⃣ Services & Managers;;
;;;
Μελέτησε ΠΟΛΥ ΚΑΛΑ τον κώδικα που υπάρχει ΠΑΝΤΟΥ στο src\subapps\dxf-viewer και βρες αν υπάρχουν διπλότυπα σε:;  - Service implementations (HitTestingService, FitToViewService);και γράψε την πλήρη αναφορά σου στο αρχείο;src\txt_files\diplotypa\Serviceimplementations.md
Μελέτησε ΠΟΛΥ ΚΑΛΑ τον κώδικα που υπάρχει ΠΑΝΤΟΥ στο src\subapps\dxf-viewer και βρες αν υπάρχουν διπλότυπα σε:;  - Manager classes (ZoomManager, SelectionManager);και γράψε την πλήρη αναφορά σου στο αρχείο;src\txt_files\diplotypa\Manager_classes.md
Μελέτησε ΠΟΛΥ ΚΑΛΑ τον κώδικα που υπάρχει ΠΑΝΤΟΥ στο src\subapps\dxf-viewer και βρες αν υπάρχουν διπλότυπα σε:;  - Factory patterns (createRenderer, createContext);και γράψε την πλήρη αναφορά σου στο αρχείο;src\md_files\diplotypa\Factory_patterns.md
Μελέτησε ΠΟΛΥ ΚΑΛΑ τον κώδικα που υπάρχει ΠΑΝΤΟΥ στο src\subapps\dxf-viewer και βρες αν υπάρχουν διπλότυπα σε:;  - Singleton patterns (serviceRegistry.get());και γράψε την πλήρη αναφορά σου στο αρχείο;src\md_files\diplotypa\Singleton_patterns.md
Μελέτησε ΠΟΛΥ ΚΑΛΑ τον κώδικα που υπάρχει ΠΑΝΤΟΥ στο src\subapps\dxf-viewer και βρες αν υπάρχουν διπλότυπα σε:;  - Adapter patterns (LegacySnapAdapter, LegacyCrosshairAdapter);και γράψε την πλήρη αναφορά σου στο αρχείο;src\md_files\diplotypa\Adapter_patterns.md
;;;
;  6️⃣ Hooks & React Patterns;;
;;;
Μελέτησε ΠΟΛΥ ΚΑΛΑ τον κώδικα που υπάρχει ΠΑΝΤΟΥ στο src\subapps\dxf-viewer και βρες αν υπάρχουν διπλότυπα σε:;  - Custom hooks (useMouse, useViewport, useTransform);και γράψε την πλήρη αναφορά σου στο αρχείο;src\md_files\diplotypa\Custom_hooks.md
Μελέτησε ΠΟΛΥ ΚΑΛΑ τον κώδικα που υπάρχει ΠΑΝΤΟΥ στο src\subapps\dxf-viewer και βρες αν υπάρχουν διπλότυπα σε:;  - useEffect logic (initialization, cleanup, dependencies);και γράψε την πλήρη αναφορά σου στο αρχείο;src\md_files\diplotypa\useEffect_logic.md
Μελέτησε ΠΟΛΥ ΚΑΛΑ τον κώδικα που υπάρχει ΠΑΝΤΟΥ στο src\subapps\dxf-viewer και βρες αν υπάρχουν διπλότυπα σε:;  - useCallback/useMemo (memoization patterns);και γράψε την πλήρη αναφορά σου στο αρχείο;src\md_files\diplotypa\useCallback&useMemo.md
Μελέτησε ΠΟΛΥ ΚΑΛΑ τον κώδικα που υπάρχει ΠΑΝΤΟΥ στο src\subapps\dxf-viewer και βρες αν υπάρχουν διπλότυπα σε:;  - Context providers (CanvasContext, CursorContext);και γράψε την πλήρη αναφορά σου στο αρχείο;src\md_files\diplotypa\Context_providers.md
Μελέτησε ΠΟΛΥ ΚΑΛΑ τον κώδικα που υπάρχει ΠΑΝΤΟΥ στο src\subapps\dxf-viewer και βρες αν υπάρχουν διπλότυπα σε:;  - Refs management (useRef patterns);και γράψε την πλήρη αναφορά σου στο αρχείο;src\md_files\diplotypa\Refs_management.md
;;;
;  7️⃣ Data Processing;;
;;;
Μελέτησε ΠΟΛΥ ΚΑΛΑ τον κώδικα που υπάρχει ΠΑΝΤΟΥ στο src\subapps\dxf-viewer και βρες αν υπάρχουν διπλότυπα σε:;  - Parsing logic (DXF parsing, entity conversion);και γράψε την πλήρη αναφορά σου στο αρχείο;
Μελέτησε ΠΟΛΥ ΚΑΛΑ τον κώδικα που υπάρχει ΠΑΝΤΟΥ στο src\subapps\dxf-viewer και βρες αν υπάρχουν διπλότυπα σε:;  - Serialization/Deserialization (JSON.stringify patterns);και γράψε την πλήρη αναφορά σου στο αρχείο;
Μελέτησε ΠΟΛΥ ΚΑΛΑ τον κώδικα που υπάρχει ΠΑΝΤΟΥ στο src\subapps\dxf-viewer και βρες αν υπάρχουν διπλότυπα σε:;  - Filtering logic (array.filter patterns);και γράψε την πλήρη αναφορά σου στο αρχείο;
Μελέτησε ΠΟΛΥ ΚΑΛΑ τον κώδικα που υπάρχει ΠΑΝΤΟΥ στο src\subapps\dxf-viewer και βρες αν υπάρχουν διπλότυπα σε:;  - Mapping/Transformations (array.map patterns);και γράψε την πλήρη αναφορά σου στο αρχείο;
Μελέτησε ΠΟΛΥ ΚΑΛΑ τον κώδικα που υπάρχει ΠΑΝΤΟΥ στο src\subapps\dxf-viewer και βρες αν υπάρχουν διπλότυπα σε:;  - Sorting algorithms (array.sort patterns);και γράψε την πλήρη αναφορά σου στο αρχείο;
;;;
;  8️⃣ Error Handling & Logging;;
;;;
Μελέτησε ΠΟΛΥ ΚΑΛΑ τον κώδικα που υπάρχει ΠΑΝΤΟΥ στο src\subapps\dxf-viewer και βρες αν υπάρχουν διπλότυπα σε:;  - Try-catch blocks (duplicate error handling);και γράψε την πλήρη αναφορά σου στο αρχείο;
Μελέτησε ΠΟΛΥ ΚΑΛΑ τον κώδικα που υπάρχει ΠΑΝΤΟΥ στο src\subapps\dxf-viewer και βρες αν υπάρχουν διπλότυπα σε:;  - Console.log patterns (debug logging);και γράψε την πλήρη αναφορά σου στο αρχείο;
Μελέτησε ΠΟΛΥ ΚΑΛΑ τον κώδικα που υπάρχει ΠΑΝΤΟΥ στο src\subapps\dxf-viewer και βρες αν υπάρχουν διπλότυπα σε:;  - Error messages (duplicate warning/error strings);και γράψε την πλήρη αναφορά σου στο αρχείο;
Μελέτησε ΠΟΛΥ ΚΑΛΑ τον κώδικα που υπάρχει ΠΑΝΤΟΥ στο src\subapps\dxf-viewer και βρες αν υπάρχουν διπλότυπα σε:;  - Validation checks (if (!x) return patterns);και γράψε την πλήρη αναφορά σου στο αρχείο;
Μελέτησε ΠΟΛΥ ΚΑΛΑ τον κώδικα που υπάρχει ΠΑΝΤΟΥ στο src\subapps\dxf-viewer και βρες αν υπάρχουν διπλότυπα σε:;  - Fallback logic (|| default patterns);και γράψε την πλήρη αναφορά σου στο αρχείο;
;;;
;  9️⃣ Testing & Debug;;
;;;
Μελέτησε ΠΟΛΥ ΚΑΛΑ τον κώδικα που υπάρχει ΠΑΝΤΟΥ στο src\subapps\dxf-viewer και βρες αν υπάρχουν διπλότυπα σε:;  - Test utilities (mock functions, test helpers);και γράψε την πλήρη αναφορά σου στο αρχείο;
Μελέτησε ΠΟΛΥ ΚΑΛΑ τον κώδικα που υπάρχει ΠΑΝΤΟΥ στο src\subapps\dxf-viewer και βρες αν υπάρχουν διπλότυπα σε:;  - Debug overlays (debug rendering, debug logs);και γράψε την πλήρη αναφορά σου στο αρχείο;
Μελέτησε ΠΟΛΥ ΚΑΛΑ τον κώδικα που υπάρχει ΠΑΝΤΟΥ στο src\subapps\dxf-viewer και βρες αν υπάρχουν διπλότυπα σε:;  - Performance monitoring (performance.now() patterns);και γράψε την πλήρη αναφορά σου στο αρχείο;
Μελέτησε ΠΟΛΥ ΚΑΛΑ τον κώδικα που υπάρχει ΠΑΝΤΟΥ στο src\subapps\dxf-viewer και βρες αν υπάρχουν διπλότυπα σε:;  - Assertions (console.assert, custom assert);και γράψε την πλήρη αναφορά σου στο αρχείο;
;;;
;  🔟 UI Components;;
;;;
Μελέτησε ΠΟΛΥ ΚΑΛΑ τον κώδικα που υπάρχει ΠΑΝΤΟΥ στο src\subapps\dxf-viewer και βρες αν υπάρχουν διπλότυπα σε:;  - React components (duplicate JSX structures);και γράψε την πλήρη αναφορά σου στο αρχείο;
Μελέτησε ΠΟΛΥ ΚΑΛΑ τον κώδικα που υπάρχει ΠΑΝΤΟΥ στο src\subapps\dxf-viewer και βρες αν υπάρχουν διπλότυπα σε:;  - Button/Control logic (duplicate event handlers);και γράψε την πλήρη αναφορά σου στο αρχείο;
Μελέτησε ΠΟΛΥ ΚΑΛΑ τον κώδικα που υπάρχει ΠΑΝΤΟΥ στο src\subapps\dxf-viewer και βρες αν υπάρχουν διπλότυπα σε:;  - Styling patterns (duplicate CSS-in-JS, inline styles);και γράψε την πλήρη αναφορά σου στο αρχείο;
Μελέτησε ΠΟΛΥ ΚΑΛΑ τον κώδικα που υπάρχει ΠΑΝΤΟΥ στο src\subapps\dxf-viewer και βρες αν υπάρχουν διπλότυπα σε:;  - Layout logic (duplicate positioning, sizing);και γράψε την πλήρη αναφορά σου στο αρχείο;
;;;
;  ---;;
;  🎯 ΚΑΤΗΓΟΡΙΟΠΟΙΗΣΗ ΑΝΑ ΠΡΟΤΕΡΑΙΟΤΗΤΑ:;;
;;;
;  🔴 HIGH PRIORITY (Critical duplicates):;;
;;;
;  1. Algorithms (hit testing, coordinate transforms);;
;  2. Services/Managers (business logic);;
;  3. Rendering logic (drawing methods);;
;  4. State management (useState/useReducer patterns);;
;;;
;  🟡  MEDIUM PRIORITY (Maintenance issues):;;
;;;
;  5. Utility functions (helper methods);;
;  6. Validation logic (input checks);;
;  7. Constants/Defaults (config values);;
;  8. Type definitions (interfaces, types);;
;;;
;  🟢  LOW PRIORITY (Nice to have):;;
;;;
;  9. Event handlers (can be intentionally separate);;
;  10. Debug/Logging (may be scattered by design);;
;  11. Styling (component-specific styles OK);;
;;;
;  ---;;
;  💡 ΠΡΑΚΤΙΚΑ ΠΑΡΑΔΕΙΓΜΑΤΑ από το DXF Viewer:;;
;;;
;  ❌ Είδη διπλοτύπων που βρήκαμε:;;
;;;
;  1. UICoordinateSystem - Duplicate coordinate system (DELETED ✅);;
;  2. worldToScreen in EntityRendererComposite - Custom implementation instead of CoordinateTransforms (FIXED ✅);;
;  3. require() patterns - Duplicate dynamic imports (FIXED ✅);;
;  4. Debug calibration code - Same debug block in 2 places (DELETED ✅);;
;;;
;  ✅ Τι ΔΕΝ είναι διπλότυπο:;;
;;;
;  1. renderUnified() in HoverRenderer vs LayerRenderer - Different purposes;;
;  2. Multiple RenderContext types - Different abstractions (IR, UI, Hover);;
;  3. DEFAULT_UI_TRANSFORM imports - Single source, multiple uses;;
;;;
;  ---;;
;  🚀 ΣΥΣΤΑΣΕΙΣ ΓΙΑ SEARCH QUERIES:;;
;;;
;  Για comprehensive search:;;
;;;
;"  ""ψάξε να βρεις διπλότυπα σε:";;
;  1. Algorithms & Calculations;;
;  2. Services & Managers;;
;  3. Rendering Systems;;
;  4. Hooks & State Management;;
;"  5. Validation & Error Handling""";;
;;;
;  Για targeted search:;;
;;;
;"  ""ψάξε να βρεις διπλότυπες **coordinate transformation implementations**""";;
;"  ""ψάξε να βρεις διπλότυπους **hit testing algorithms**""";;
;"  ""ψάξε να βρεις διπλότυπα **DEFAULT_* constants**""";;
;;;
;  ---;;
;  Αυτή η επεκταμένη λίστα καλύπτει ΟΛΑ τα πιθανά είδη διπλοτύπων σε ένα TypeScript/React codebase! 🎯;;
